{
    "description": "",
    "tags": [],
    "size": {
        "height": 581,
        "width": 754
    },
    "objects": [
        {
            "id": 570795556,
            "classId": 2726601,
            "description": "",
            "geometryType": "rectangle",
            "labelerLogin": "Zhekuson",
            "createdAt": "2020-12-05T13:43:10.557Z",
            "updatedAt": "2020-12-05T13:45:40.761Z",
            "tags": [],
            "classTitle": "Cube",
            "points": {
                "exterior": [
                    [
                        2,
                        3
                    ],
                    [
                        228,
                        220
                    ]
                ],
                "interior": []
            }
        },
        {
            "id": 570795567,
            "classId": 2726601,
            "description": "",
            "geometryType": "rectangle",
            "labelerLogin": "Zhekuson",
            "createdAt": "2020-12-05T13:43:39.105Z",
            "updatedAt": "2020-12-05T13:45:40.761Z",
            "tags": [],
            "classTitle": "Cube",
            "points": {
                "exterior": [
                    [
                        3,
                        181
                    ],
                    [
                        221,
                        394
                    ]
                ],
                "interior": []
            }
        },
        {
            "id": 570795582,
            "classId": 2726601,
            "description": "",
            "geometryType": "rectangle",
            "labelerLogin": "Zhekuson",
            "createdAt": "2020-12-05T13:44:13.583Z",
            "updatedAt": "2020-12-05T13:45:40.761Z",
            "tags": [],
            "classTitle": "Cube",
            "points": {
                "exterior": [
                    [
                        263,
                        181
                    ],
                    [
                        454,
                        403
                    ]
                ],
                "interior": []
            }
        },
        {
            "id": 570795593,
            "classId": 2726601,
            "description": "",
            "geometryType": "rectangle",
            "labelerLogin": "Zhekuson",
            "createdAt": "2020-12-05T13:44:34.735Z",
            "updatedAt": "2020-12-05T13:45:40.761Z",
            "tags": [],
            "classTitle": "Cube",
            "points": {
                "exterior": [
                    [
                        272,
                        401
                    ],
                    [
                        457,
                        566
                    ]
                ],
                "interior": []
            }
        },
        {
            "id": 570795603,
            "classId": 2726601,
            "description": "",
            "geometryType": "rectangle",
            "labelerLogin": "Zhekuson",
            "createdAt": "2020-12-05T13:44:55.921Z",
            "updatedAt": "2020-12-05T13:45:40.761Z",
            "tags": [],
            "classTitle": "Cube",
            "points": {
                "exterior": [
                    [
                        503,
                        2
                    ],
                    [
                        753,
                        226
                    ]
                ],
                "interior": []
            }
        },
        {
            "id": 570795610,
            "classId": 2726601,
            "description": "",
            "geometryType": "rectangle",
            "labelerLogin": "Zhekuson",
            "createdAt": "2020-12-05T13:45:11.430Z",
            "updatedAt": "2020-12-05T13:45:40.761Z",
            "tags": [],
            "classTitle": "Cube",
            "points": {
                "exterior": [
                    [
                        498,
                        189
                    ],
                    [
                        727,
                        399
                    ]
                ],
                "interior": []
            }
        },
        {
            "id": 570795622,
            "classId": 2726601,
            "description": "",
            "geometryType": "rectangle",
            "labelerLogin": "Zhekuson",
            "createdAt": "2020-12-05T13:45:27.799Z",
            "updatedAt": "2020-12-05T13:45:40.761Z",
            "tags": [],
            "classTitle": "Cube",
            "points": {
                "exterior": [
                    [
                        489,
                        351
                    ],
                    [
                        713,
                        557
                    ]
                ],
                "interior": []
            }
        },
        {
            "id": 570795627,
            "classId": 2726601,
            "description": "",
            "geometryType": "rectangle",
            "labelerLogin": "Zhekuson",
            "createdAt": "2020-12-05T13:45:40.652Z",
            "updatedAt": "2020-12-05T13:45:40.652Z",
            "tags": [],
            "classTitle": "Cube",
            "points": {
                "exterior": [
                    [
                        18,
                        338
                    ],
                    [
                        225,
                        553
                    ]
                ],
                "interior": []
            }
        }
    ]
}