{
    "description": "",
    "tags": [],
    "size": {
        "height": 361,
        "width": 980
    },
    "objects": [
        {
            "id": 570795642,
            "classId": 2726601,
            "description": "",
            "geometryType": "rectangle",
            "labelerLogin": "Zhekuson",
            "createdAt": "2020-12-05T13:46:04.336Z",
            "updatedAt": "2020-12-05T13:46:31.917Z",
            "tags": [],
            "classTitle": "Cube",
            "points": {
                "exterior": [
                    [
                        255,
                        45
                    ],
                    [
                        420,
                        174
                    ]
                ],
                "interior": []
            }
        },
        {
            "id": 570795646,
            "classId": 2726601,
            "description": "",
            "geometryType": "rectangle",
            "labelerLogin": "Zhekuson",
            "createdAt": "2020-12-05T13:46:13.143Z",
            "updatedAt": "2020-12-05T13:46:31.917Z",
            "tags": [],
            "classTitle": "Cube",
            "points": {
                "exterior": [
                    [
                        490,
                        50
                    ],
                    [
                        675,
                        215
                    ]
                ],
                "interior": []
            }
        },
        {
            "id": 570795648,
            "classId": 2726601,
            "description": "",
            "geometryType": "rectangle",
            "labelerLogin": "Zhekuson",
            "createdAt": "2020-12-05T13:46:24.835Z",
            "updatedAt": "2020-12-05T13:46:31.917Z",
            "tags": [],
            "classTitle": "Cube",
            "points": {
                "exterior": [
                    [
                        62,
                        35
                    ],
                    [
                        165,
                        137
                    ]
                ],
                "interior": []
            }
        },
        {
            "id": 570795650,
            "classId": 2726601,
            "description": "",
            "geometryType": "rectangle",
            "labelerLogin": "Zhekuson",
            "createdAt": "2020-12-05T13:46:31.813Z",
            "updatedAt": "2020-12-05T13:46:31.813Z",
            "tags": [],
            "classTitle": "Cube",
            "points": {
                "exterior": [
                    [
                        0,
                        46
                    ],
                    [
                        47,
                        198
                    ]
                ],
                "interior": []
            }
        }
    ]
}