{
    "description": "",
    "tags": [],
    "size": {
        "height": 484,
        "width": 873
    },
    "objects": [
        {
            "id": 570795657,
            "classId": 2726601,
            "description": "",
            "geometryType": "rectangle",
            "labelerLogin": "Zhekuson",
            "createdAt": "2020-12-05T13:46:48.091Z",
            "updatedAt": "2020-12-05T13:47:00.792Z",
            "tags": [],
            "classTitle": "Cube",
            "points": {
                "exterior": [
                    [
                        55,
                        154
                    ],
                    [
                        171,
                        245
                    ]
                ],
                "interior": []
            }
        },
        {
            "id": 570795661,
            "classId": 2726601,
            "description": "",
            "geometryType": "rectangle",
            "labelerLogin": "Zhekuson",
            "createdAt": "2020-12-05T13:46:55.769Z",
            "updatedAt": "2020-12-05T13:47:00.792Z",
            "tags": [],
            "classTitle": "Cube",
            "points": {
                "exterior": [
                    [
                        344,
                        182
                    ],
                    [
                        462,
                        298
                    ]
                ],
                "interior": []
            }
        },
        {
            "id": 570795663,
            "classId": 2726601,
            "description": "",
            "geometryType": "rectangle",
            "labelerLogin": "Zhekuson",
            "createdAt": "2020-12-05T13:47:00.672Z",
            "updatedAt": "2020-12-05T13:47:00.672Z",
            "tags": [],
            "classTitle": "Cube",
            "points": {
                "exterior": [
                    [
                        734,
                        140
                    ],
                    [
                        819,
                        227
                    ]
                ],
                "interior": []
            }
        }
    ]
}