{
    "description": "",
    "tags": [],
    "size": {
        "height": 641,
        "width": 1097
    },
    "objects": [
        {
            "id": 570795730,
            "classId": 2726601,
            "description": "",
            "geometryType": "rectangle",
            "labelerLogin": "Zhekuson",
            "createdAt": "2020-12-05T13:49:17.328Z",
            "updatedAt": "2020-12-05T13:49:49.986Z",
            "tags": [],
            "classTitle": "Cube",
            "points": {
                "exterior": [
                    [
                        58,
                        338
                    ],
                    [
                        196,
                        463
                    ]
                ],
                "interior": []
            }
        },
        {
            "id": 570795735,
            "classId": 2726601,
            "description": "",
            "geometryType": "rectangle",
            "labelerLogin": "Zhekuson",
            "createdAt": "2020-12-05T13:49:24.265Z",
            "updatedAt": "2020-12-05T13:49:49.986Z",
            "tags": [],
            "classTitle": "Cube",
            "points": {
                "exterior": [
                    [
                        393,
                        351
                    ],
                    [
                        506,
                        456
                    ]
                ],
                "interior": []
            }
        },
        {
            "id": 570795748,
            "classId": 2726601,
            "description": "",
            "geometryType": "rectangle",
            "labelerLogin": "Zhekuson",
            "createdAt": "2020-12-05T13:49:33.010Z",
            "updatedAt": "2020-12-05T13:49:49.986Z",
            "tags": [],
            "classTitle": "Cube",
            "points": {
                "exterior": [
                    [
                        501,
                        365
                    ],
                    [
                        558,
                        453
                    ]
                ],
                "interior": []
            }
        },
        {
            "id": 570795794,
            "classId": 2726601,
            "description": "",
            "geometryType": "rectangle",
            "labelerLogin": "Zhekuson",
            "createdAt": "2020-12-05T13:49:42.037Z",
            "updatedAt": "2020-12-05T13:49:49.986Z",
            "tags": [],
            "classTitle": "Cube",
            "points": {
                "exterior": [
                    [
                        576,
                        330
                    ],
                    [
                        738,
                        467
                    ]
                ],
                "interior": []
            }
        },
        {
            "id": 570795837,
            "classId": 2726601,
            "description": "",
            "geometryType": "rectangle",
            "labelerLogin": "Zhekuson",
            "createdAt": "2020-12-05T13:49:49.904Z",
            "updatedAt": "2020-12-05T13:49:49.904Z",
            "tags": [],
            "classTitle": "Cube",
            "points": {
                "exterior": [
                    [
                        814,
                        367
                    ],
                    [
                        930,
                        455
                    ]
                ],
                "interior": []
            }
        }
    ]
}