{
    "description": "",
    "tags": [],
    "size": {
        "height": 573,
        "width": 512
    },
    "objects": [
        {
            "id": 570795927,
            "classId": 2726601,
            "description": "",
            "geometryType": "rectangle",
            "labelerLogin": "Zhekuson",
            "createdAt": "2020-12-05T13:52:22.176Z",
            "updatedAt": "2020-12-05T13:52:22.176Z",
            "tags": [],
            "classTitle": "Cube",
            "points": {
                "exterior": [
                    [
                        7,
                        36
                    ],
                    [
                        486,
                        539
                    ]
                ],
                "interior": []
            }
        }
    ]
}