{
    "description": "",
    "tags": [],
    "size": {
        "height": 588,
        "width": 574
    },
    "objects": [
        {
            "id": 570795931,
            "classId": 2726601,
            "description": "",
            "geometryType": "rectangle",
            "labelerLogin": "Zhekuson",
            "createdAt": "2020-12-05T13:52:31.283Z",
            "updatedAt": "2020-12-05T13:53:05.353Z",
            "tags": [],
            "classTitle": "Cube",
            "points": {
                "exterior": [
                    [
                        187,
                        3
                    ],
                    [
                        380,
                        208
                    ]
                ],
                "interior": []
            }
        },
        {
            "id": 570795934,
            "classId": 2726601,
            "description": "",
            "geometryType": "rectangle",
            "labelerLogin": "Zhekuson",
            "createdAt": "2020-12-05T13:52:36.357Z",
            "updatedAt": "2020-12-05T13:53:05.353Z",
            "tags": [],
            "classTitle": "Cube",
            "points": {
                "exterior": [
                    [
                        88,
                        182
                    ],
                    [
                        284,
                        395
                    ]
                ],
                "interior": []
            }
        },
        {
            "id": 570795937,
            "classId": 2726601,
            "description": "",
            "geometryType": "rectangle",
            "labelerLogin": "Zhekuson",
            "createdAt": "2020-12-05T13:52:41.916Z",
            "updatedAt": "2020-12-05T13:53:05.353Z",
            "tags": [],
            "classTitle": "Cube",
            "points": {
                "exterior": [
                    [
                        281,
                        180
                    ],
                    [
                        474,
                        396
                    ]
                ],
                "interior": []
            }
        },
        {
            "id": 570795939,
            "classId": 2726601,
            "description": "",
            "geometryType": "rectangle",
            "labelerLogin": "Zhekuson",
            "createdAt": "2020-12-05T13:52:47.663Z",
            "updatedAt": "2020-12-05T13:53:05.353Z",
            "tags": [],
            "classTitle": "Cube",
            "points": {
                "exterior": [
                    [
                        3,
                        358
                    ],
                    [
                        191,
                        573
                    ]
                ],
                "interior": []
            }
        },
        {
            "id": 570795941,
            "classId": 2726601,
            "description": "",
            "geometryType": "rectangle",
            "labelerLogin": "Zhekuson",
            "createdAt": "2020-12-05T13:52:53.713Z",
            "updatedAt": "2020-12-05T13:53:05.353Z",
            "tags": [],
            "classTitle": "Cube",
            "points": {
                "exterior": [
                    [
                        191,
                        383
                    ],
                    [
                        377,
                        576
                    ]
                ],
                "interior": []
            }
        },
        {
            "id": 570795946,
            "classId": 2726601,
            "description": "",
            "geometryType": "rectangle",
            "labelerLogin": "Zhekuson",
            "createdAt": "2020-12-05T13:53:05.243Z",
            "updatedAt": "2020-12-05T13:53:05.243Z",
            "tags": [],
            "classTitle": "Cube",
            "points": {
                "exterior": [
                    [
                        372,
                        359
                    ],
                    [
                        563,
                        578
                    ]
                ],
                "interior": []
            }
        }
    ]
}