{
    "description": "",
    "tags": [],
    "size": {
        "height": 347,
        "width": 622
    },
    "objects": [
        {
            "id": 570795511,
            "classId": 2726601,
            "description": "",
            "geometryType": "rectangle",
            "labelerLogin": "Zhekuson",
            "createdAt": "2020-12-05T13:41:34.953Z",
            "updatedAt": "2020-12-05T13:55:29.643Z",
            "tags": [],
            "classTitle": "Cube",
            "points": {
                "exterior": [
                    [
                        101,
                        93
                    ],
                    [
                        242,
                        212
                    ]
                ],
                "interior": []
            }
        },
        {
            "id": 570795531,
            "classId": 2726601,
            "description": "",
            "geometryType": "rectangle",
            "labelerLogin": "Zhekuson",
            "createdAt": "2020-12-05T13:42:12.298Z",
            "updatedAt": "2020-12-05T13:55:29.645Z",
            "tags": [],
            "classTitle": "Cube",
            "points": {
                "exterior": [
                    [
                        421,
                        137
                    ],
                    [
                        611,
                        327
                    ]
                ],
                "interior": []
            }
        }
    ]
}