{
    "description": "",
    "tags": [],
    "size": {
        "height": 469,
        "width": 891
    },
    "objects": [
        {
            "id": 570795681,
            "classId": 2726601,
            "description": "",
            "geometryType": "rectangle",
            "labelerLogin": "Zhekuson",
            "createdAt": "2020-12-05T13:47:35.498Z",
            "updatedAt": "2020-12-05T13:48:14.986Z",
            "tags": [],
            "classTitle": "Cube",
            "points": {
                "exterior": [
                    [
                        22,
                        249
                    ],
                    [
                        148,
                        353
                    ]
                ],
                "interior": []
            }
        },
        {
            "id": 570795686,
            "classId": 2726601,
            "description": "",
            "geometryType": "rectangle",
            "labelerLogin": "Zhekuson",
            "createdAt": "2020-12-05T13:47:42.851Z",
            "updatedAt": "2020-12-05T13:48:14.986Z",
            "tags": [],
            "classTitle": "Cube",
            "points": {
                "exterior": [
                    [
                        200,
                        236
                    ],
                    [
                        289,
                        306
                    ]
                ],
                "interior": []
            }
        },
        {
            "id": 570795693,
            "classId": 2726601,
            "description": "",
            "geometryType": "rectangle",
            "labelerLogin": "Zhekuson",
            "createdAt": "2020-12-05T13:47:49.869Z",
            "updatedAt": "2020-12-05T13:48:14.986Z",
            "tags": [],
            "classTitle": "Cube",
            "points": {
                "exterior": [
                    [
                        298,
                        244
                    ],
                    [
                        411,
                        334
                    ]
                ],
                "interior": []
            }
        },
        {
            "id": 570795696,
            "classId": 2726601,
            "description": "",
            "geometryType": "rectangle",
            "labelerLogin": "Zhekuson",
            "createdAt": "2020-12-05T13:47:57.043Z",
            "updatedAt": "2020-12-05T13:48:14.986Z",
            "tags": [],
            "classTitle": "Cube",
            "points": {
                "exterior": [
                    [
                        485,
                        242
                    ],
                    [
                        596,
                        329
                    ]
                ],
                "interior": []
            }
        },
        {
            "id": 570795699,
            "classId": 2726601,
            "description": "",
            "geometryType": "rectangle",
            "labelerLogin": "Zhekuson",
            "createdAt": "2020-12-05T13:48:02.336Z",
            "updatedAt": "2020-12-05T13:48:14.986Z",
            "tags": [],
            "classTitle": "Cube",
            "points": {
                "exterior": [
                    [
                        598,
                        229
                    ],
                    [
                        694,
                        308
                    ]
                ],
                "interior": []
            }
        },
        {
            "id": 570795702,
            "classId": 2726601,
            "description": "",
            "geometryType": "rectangle",
            "labelerLogin": "Zhekuson",
            "createdAt": "2020-12-05T13:48:08.741Z",
            "updatedAt": "2020-12-05T13:48:14.986Z",
            "tags": [],
            "classTitle": "Cube",
            "points": {
                "exterior": [
                    [
                        708,
                        247
                    ],
                    [
                        838,
                        345
                    ]
                ],
                "interior": []
            }
        },
        {
            "id": 570795703,
            "classId": 2726601,
            "description": "",
            "geometryType": "rectangle",
            "labelerLogin": "Zhekuson",
            "createdAt": "2020-12-05T13:48:14.876Z",
            "updatedAt": "2020-12-05T13:48:14.876Z",
            "tags": [],
            "classTitle": "Cube",
            "points": {
                "exterior": [
                    [
                        736,
                        217
                    ],
                    [
                        779,
                        253
                    ]
                ],
                "interior": []
            }
        }
    ]
}