{
    "description": "",
    "tags": [],
    "size": {
        "height": 420,
        "width": 817
    },
    "objects": [
        {
            "id": 570795708,
            "classId": 2726601,
            "description": "",
            "geometryType": "rectangle",
            "labelerLogin": "Zhekuson",
            "createdAt": "2020-12-05T13:48:33.042Z",
            "updatedAt": "2020-12-05T13:49:03.682Z",
            "tags": [],
            "classTitle": "Cube",
            "points": {
                "exterior": [
                    [
                        22,
                        201
                    ],
                    [
                        131,
                        283
                    ]
                ],
                "interior": []
            }
        },
        {
            "id": 570795712,
            "classId": 2726601,
            "description": "",
            "geometryType": "rectangle",
            "labelerLogin": "Zhekuson",
            "createdAt": "2020-12-05T13:48:41.158Z",
            "updatedAt": "2020-12-05T13:49:03.682Z",
            "tags": [],
            "classTitle": "Cube",
            "points": {
                "exterior": [
                    [
                        269,
                        204
                    ],
                    [
                        360,
                        286
                    ]
                ],
                "interior": []
            }
        },
        {
            "id": 570795714,
            "classId": 2726601,
            "description": "",
            "geometryType": "rectangle",
            "labelerLogin": "Zhekuson",
            "createdAt": "2020-12-05T13:48:45.655Z",
            "updatedAt": "2020-12-05T13:49:03.682Z",
            "tags": [],
            "classTitle": "Cube",
            "points": {
                "exterior": [
                    [
                        369,
                        205
                    ],
                    [
                        436,
                        269
                    ]
                ],
                "interior": []
            }
        },
        {
            "id": 570795715,
            "classId": 2726601,
            "description": "",
            "geometryType": "rectangle",
            "labelerLogin": "Zhekuson",
            "createdAt": "2020-12-05T13:48:49.757Z",
            "updatedAt": "2020-12-05T13:49:03.682Z",
            "tags": [],
            "classTitle": "Cube",
            "points": {
                "exterior": [
                    [
                        438,
                        203
                    ],
                    [
                        523,
                        289
                    ]
                ],
                "interior": []
            }
        },
        {
            "id": 570795719,
            "classId": 2726601,
            "description": "",
            "geometryType": "rectangle",
            "labelerLogin": "Zhekuson",
            "createdAt": "2020-12-05T13:48:57.660Z",
            "updatedAt": "2020-12-05T13:49:03.682Z",
            "tags": [],
            "classTitle": "Cube",
            "points": {
                "exterior": [
                    [
                        524,
                        202
                    ],
                    [
                        625,
                        308
                    ]
                ],
                "interior": []
            }
        },
        {
            "id": 570795723,
            "classId": 2726601,
            "description": "",
            "geometryType": "rectangle",
            "labelerLogin": "Zhekuson",
            "createdAt": "2020-12-05T13:49:03.598Z",
            "updatedAt": "2020-12-05T13:49:03.598Z",
            "tags": [],
            "classTitle": "Cube",
            "points": {
                "exterior": [
                    [
                        676,
                        203
                    ],
                    [
                        761,
                        281
                    ]
                ],
                "interior": []
            }
        }
    ]
}