{
    "description": "",
    "tags": [],
    "size": {
        "height": 262,
        "width": 258
    },
    "objects": [
        {
            "id": 570795845,
            "classId": 2726601,
            "description": "",
            "geometryType": "rectangle",
            "labelerLogin": "Zhekuson",
            "createdAt": "2020-12-05T13:50:05.765Z",
            "updatedAt": "2020-12-05T13:50:05.765Z",
            "tags": [],
            "classTitle": "Cube",
            "points": {
                "exterior": [
                    [
                        52,
                        45
                    ],
                    [
                        244,
                        237
                    ]
                ],
                "interior": []
            }
        }
    ]
}