{
    "description": "",
    "tags": [],
    "size": {
        "height": 474,
        "width": 716
    },
    "objects": [
        {
            "id": 570795900,
            "classId": 2726601,
            "description": "",
            "geometryType": "rectangle",
            "labelerLogin": "Zhekuson",
            "createdAt": "2020-12-05T13:51:35.124Z",
            "updatedAt": "2020-12-05T13:52:12.003Z",
            "tags": [],
            "classTitle": "Cube",
            "points": {
                "exterior": [
                    [
                        306,
                        188
                    ],
                    [
                        454,
                        305
                    ]
                ],
                "interior": []
            }
        },
        {
            "id": 570795903,
            "classId": 2726601,
            "description": "",
            "geometryType": "rectangle",
            "labelerLogin": "Zhekuson",
            "createdAt": "2020-12-05T13:51:42.053Z",
            "updatedAt": "2020-12-05T13:52:12.003Z",
            "tags": [],
            "classTitle": "Cube",
            "points": {
                "exterior": [
                    [
                        197,
                        173
                    ],
                    [
                        319,
                        270
                    ]
                ],
                "interior": []
            }
        },
        {
            "id": 570795918,
            "classId": 2726601,
            "description": "",
            "geometryType": "rectangle",
            "labelerLogin": "Zhekuson",
            "createdAt": "2020-12-05T13:52:07.664Z",
            "updatedAt": "2020-12-05T13:52:12.003Z",
            "tags": [],
            "classTitle": "Cube",
            "points": {
                "exterior": [
                    [
                        102,
                        164
                    ],
                    [
                        174,
                        241
                    ]
                ],
                "interior": []
            }
        },
        {
            "id": 570795921,
            "classId": 2726601,
            "description": "",
            "geometryType": "rectangle",
            "labelerLogin": "Zhekuson",
            "createdAt": "2020-12-05T13:52:11.909Z",
            "updatedAt": "2020-12-05T13:52:11.909Z",
            "tags": [],
            "classTitle": "Cube",
            "points": {
                "exterior": [
                    [
                        0,
                        175
                    ],
                    [
                        55,
                        276
                    ]
                ],
                "interior": []
            }
        }
    ]
}