{
    "description": "",
    "tags": [],
    "size": {
        "height": 517,
        "width": 606
    },
    "objects": [
        {
            "id": 570795958,
            "classId": 2726601,
            "description": "",
            "geometryType": "rectangle",
            "labelerLogin": "Zhekuson",
            "createdAt": "2020-12-05T13:53:19.459Z",
            "updatedAt": "2020-12-05T13:54:05.424Z",
            "tags": [],
            "classTitle": "Cube",
            "points": {
                "exterior": [
                    [
                        37,
                        54
                    ],
                    [
                        244,
                        296
                    ]
                ],
                "interior": []
            }
        },
        {
            "id": 570795966,
            "classId": 2726601,
            "description": "",
            "geometryType": "rectangle",
            "labelerLogin": "Zhekuson",
            "createdAt": "2020-12-05T13:53:31.128Z",
            "updatedAt": "2020-12-05T13:54:05.424Z",
            "tags": [],
            "classTitle": "Cube",
            "points": {
                "exterior": [
                    [
                        81,
                        145
                    ],
                    [
                        290,
                        402
                    ]
                ],
                "interior": []
            }
        },
        {
            "id": 570795970,
            "classId": 2726601,
            "description": "",
            "geometryType": "rectangle",
            "labelerLogin": "Zhekuson",
            "createdAt": "2020-12-05T13:53:41.473Z",
            "updatedAt": "2020-12-05T13:54:05.424Z",
            "tags": [],
            "classTitle": "Cube",
            "points": {
                "exterior": [
                    [
                        130,
                        237
                    ],
                    [
                        353,
                        506
                    ]
                ],
                "interior": []
            }
        },
        {
            "id": 570795976,
            "classId": 2726601,
            "description": "",
            "geometryType": "rectangle",
            "labelerLogin": "Zhekuson",
            "createdAt": "2020-12-05T13:53:51.727Z",
            "updatedAt": "2020-12-05T13:54:05.424Z",
            "tags": [],
            "classTitle": "Cube",
            "points": {
                "exterior": [
                    [
                        202,
                        22
                    ],
                    [
                        405,
                        147
                    ]
                ],
                "interior": []
            }
        },
        {
            "id": 570795978,
            "classId": 2726601,
            "description": "",
            "geometryType": "rectangle",
            "labelerLogin": "Zhekuson",
            "createdAt": "2020-12-05T13:53:56.913Z",
            "updatedAt": "2020-12-05T13:54:05.424Z",
            "tags": [],
            "classTitle": "Cube",
            "points": {
                "exterior": [
                    [
                        246,
                        115
                    ],
                    [
                        456,
                        242
                    ]
                ],
                "interior": []
            }
        },
        {
            "id": 570795981,
            "classId": 2726601,
            "description": "",
            "geometryType": "rectangle",
            "labelerLogin": "Zhekuson",
            "createdAt": "2020-12-05T13:54:05.328Z",
            "updatedAt": "2020-12-05T13:54:05.328Z",
            "tags": [],
            "classTitle": "Cube",
            "points": {
                "exterior": [
                    [
                        303,
                        204
                    ],
                    [
                        528,
                        474
                    ]
                ],
                "interior": []
            }
        }
    ]
}