{
    "description": "",
    "tags": [],
    "size": {
        "height": 500,
        "width": 600
    },
    "objects": [
        {
            "id": 570795983,
            "classId": 2726601,
            "description": "",
            "geometryType": "rectangle",
            "labelerLogin": "Zhekuson",
            "createdAt": "2020-12-05T13:54:15.167Z",
            "updatedAt": "2020-12-05T13:54:32.922Z",
            "tags": [],
            "classTitle": "Cube",
            "points": {
                "exterior": [
                    [
                        221,
                        48
                    ],
                    [
                        465,
                        276
                    ]
                ],
                "interior": []
            }
        },
        {
            "id": 570795986,
            "classId": 2726601,
            "description": "",
            "geometryType": "rectangle",
            "labelerLogin": "Zhekuson",
            "createdAt": "2020-12-05T13:54:23.489Z",
            "updatedAt": "2020-12-05T13:54:32.922Z",
            "tags": [],
            "classTitle": "Cube",
            "points": {
                "exterior": [
                    [
                        104,
                        199
                    ],
                    [
                        309,
                        429
                    ]
                ],
                "interior": []
            }
        },
        {
            "id": 570795990,
            "classId": 2726601,
            "description": "",
            "geometryType": "rectangle",
            "labelerLogin": "Zhekuson",
            "createdAt": "2020-12-05T13:54:32.831Z",
            "updatedAt": "2020-12-05T13:54:32.831Z",
            "tags": [],
            "classTitle": "Cube",
            "points": {
                "exterior": [
                    [
                        308,
                        204
                    ],
                    [
                        512,
                        415
                    ]
                ],
                "interior": []
            }
        }
    ]
}